author_id,author_name,email,address,bio,join_date,total_followers
1,Kimberly Moore,,"56669 John Lock Suite 662, Port Sarah, PA 42490",Remain chance woman right almost draw organization.,2020-05-01,48678
2,Shelly Woods,ymorgan@black.org,"655 Andrew Walks, North Melanie, NV 96056",Me skin on hear. Case enjoy option.,2020-05-30,32066
3,Sarah Stewart,ashleyhess@yahoo.com,"6412 Megan Oval, Hamiltonbury, IN 42152",You name instead set as decade.,2020-11-06,8115
4,Andrew Anderson,,"82083 Stephanie Spur, Lake Wendy, WI 18479",Yourself part him hard us nearly family.,,19719
5,Derrick Sharp,jennifer81@gmail.com,"8622 Johnson Villages, South Austinside, VT 92717",Job sister them father serve many whatever.,,38064
6,Barry Reed,butlerthomas@hampton.biz,"871 Robert Mountain Suite 775, Sarahside, VT 04304",Decade inside market media interesting center seek. Sort could only inside receive contain.,2022-01-06,25909
7,Arthur Ruiz,xvasquez@carter.com,,Physical receive listen Democrat late. Left despite discuss term sound edge.,2021-03-12,
8,Eric Howard,stacy80@jones.net,"175 Katie Crossing Suite 069, Vanessachester, PA 80695",Wait sit series note street large.,2020-07-28,48221
9,Jeffrey Reyes,dthomas@johnson.com,"7218 Robert Tunnel Apt. 758, Erinborough, AL 66793",Plant night sense sure.,2020-03-25,15643
10,Gerald Ortiz,awoods@white.org,"321 Summer Landing Suite 019, Lake Joseph, MD 21082",Probably out always can feel debate film.,,24295
11,Paul Phillips,karensimon@hotmail.com,"13210 Roberts Crossing, Gonzalezfort, IN 37769",Very her get professional.,2020-10-07,15552
12,Cindy Fisher,chernandez@johnson-ochoa.com,"12673 Dodson Mews Suite 840, Lake Jesse, NM 68651",Good type report the stop read individual. Account yet pick within.,2021-04-09,29206
13,David Ellis,bellis@hayes.com,"8198 Lisa Union Suite 907, East Mary, MA 32369",Material sort agree many idea few. Single society threat situation other customer.,2020-10-09,6476
14,Gene Weaver,bmendoza@gmail.com,"48456 Smith Lake, West George, LA 20606",Customer music move probably share exist.,2021-08-24,22369
15,Amy Shaw,reesejake@rojas.com,"26816 Reyes Junctions Suite 058, Burnshaven, WV 15418",Relate particularly should contain.,2020-03-17,5000
16,Dr. Michael Richardson MD,michael13@yahoo.com,"274 Wilcox Cove, East Jenniferstad, ME 60559",South admit director scene.,2021-01-25,14539
17,Julie Stafford,ricardo32@villegas-osborne.com,"41853 Turner Cliff Suite 317, Rodriguezside, MT 40419",Sound learn down business ground professional. Themselves article choice pretty customer.,2022-02-02,25655
18,Elizabeth Johnson,shill@morton.com,"27539 Joshua Mountains Suite 279, South Brenda, WA 08705",Stock despite network pressure. Live protect wide five.,2021-05-27,16570
19,Deborah Singh,johnfowler@gmail.com,"114 Carlos Station, South Adambury, KS 98920",Thing long see control nearly.,2022-02-04,
20,Glenn Bennett,otran@chambers.org,"51851 Michael Loop, Gonzalezberg, OR 10498",Decide analysis source list truth long.,2020-07-29,37830
21,Philip Gonzales,ericksonbrittany@smith-cantu.com,"15982 Sullivan Turnpike Apt. 668, East Darrylfurt, FL 96159",Find capital goal according arrive.,,11532
22,Robin Montgomery,michaelforbes@yahoo.com,"Unit 7805 Box 7063, DPO AP 29923",Government others sort ball important anything example style.,2021-09-21,18000
23,Sarah Gregory,,"91028 Felicia Highway, Durhamton, VA 39607",Claim agree case budget throw final. Where realize business culture worker.,2021-09-05,47616
24,Jade Cameron,georgeduran@shelton-thomas.biz,"94796 Jack Extensions, Williamsside, MS 06218",Above message in speak call future many. Base part sign Mrs.,2020-11-30,16439
25,Hannah Parker,ruizcrystal@lloyd.biz,"502 Wong Key Suite 979, East Stacyshire, WI 10604",See two experience hope.,,5106
26,Mr. Nicholas Duran,woodvanessa@gmail.com,"27894 Robert Lodge Apt. 443, South Michael, MA 36341",Onto fish wear around or black truth. Do provide how last similar bad.,2021-06-24,11136
27,Cathy Gonzalez,,"27464 Bauer Avenue, East Danaport, TX 37331",Argue including by represent site education eight. Through shoulder public even even must raise.,2021-04-04,1502
28,Diane Myers,alexajohnson@black-ingram.com,"058 Miller Prairie, North Michaelton, KS 04507",Within military not score very common.,2020-09-27,27905
29,Shawn Allen,zbaxter@yahoo.com,"109 Russell Gateway Suite 585, New Fredstad, MS 76693",Prepare kitchen ball value interest establish. Party policy probably.,2020-09-13,48407
30,Alec Cabrera,zavalastephen@yahoo.com,"0911 Chambers Inlet Suite 749, Lake Michaelmouth, MI 69431",Join ask marriage parent.,2021-03-08,6550
31,Derek Warren,joshua54@bell-bond.com,"4938 Jenkins Cliffs Suite 437, New Christopherbury, NJ 46578",That song enter staff research do.,2021-05-12,16871
32,Jasmine Stone,tpeterson@yahoo.com,"4720 Greene Row, Raymondville, MS 06600",Name purpose speak station. Five ground act argue card.,,44274
33,Kristie Williams,wileybrendan@hotmail.com,"158 Nathan Greens, Josechester, MS 89836",Trade young then positive. Wait require hotel them front.,2021-06-02,8727
34,Becky Acosta,robert86@wilson-waters.biz,"8682 Vaughn Rapids, East Robertshire, MA 52980",Key result method leg too morning room. Better condition out.,2020-06-05,18235
35,Luis Reynolds,kimberlypatton@munoz-brown.org,"92878 Elizabeth Road, Davisstad, AK 88181",Plant trade economic real price receive thousand.,2020-10-26,26255
36,Megan Hunt,tonyjohnson@bradford-harris.com,"3713 Rodgers Street, Port Wesley, GA 22421",Can professor happy scene rise. Resource everyone when worker art.,2020-07-17,21180
37,Christopher Thomas,qbaker@contreras-baldwin.net,"419 Lang Station Apt. 195, Harrisburgh, RI 63144",Such spend new upon soldier coach yard.,2021-11-03,24899
38,Craig Mann,dnorton@wilson.org,"211 John Plains, Stevenside, CT 87853",Popular similar each. Red anything kitchen begin.,2020-05-23,12160
39,Robin Cole,damon21@yahoo.com,"038 Cervantes Plains Apt. 846, Matthewmouth, IA 15826",Total energy may cell above seven room under.,2020-07-10,30843
40,Shannon Fuller,dreyes@johnston-donovan.com,"PSC 7215, Box 3061, APO AA 73583",Though eye stage.,2021-05-30,34731
41,Elizabeth Ramirez,amy61@kent.info,"76697 Silva Ferry Apt. 276, Amandamouth, ID 00825",Card who yes put use leg long. Become car general meet assume staff.,2021-02-17,10671
42,Kayla Avery,amy44@cox-hernandez.info,"29591 Shannon Inlet Apt. 172, Paulstad, KS 92361",Song possible black author provide nearly perhaps research.,2020-06-19,21001
43,Amy Robinson,ujames@edwards.com,"USCGC Taylor, FPO AP 48574",Past leader station believe suddenly. Which save thus any account name.,2020-09-05,13575
44,Nicole Green,scooper@murphy.com,"74465 Harper Grove Suite 450, Travisberg, AR 66754",Last maybe federal price.,2022-01-14,43244
45,Denise Flynn,danielsrachel@white.com,"11401 Douglas Glens Suite 690, Philipton, ND 59897",Next agree commercial.,2020-07-09,15411
46,Paul Oconnell,nchristensen@gmail.com,"262 Diane Shoal Apt. 420, Wallaceberg, NJ 77102",Study still window send particularly.,2020-04-07,
47,Sarah King,crystaladkins@yahoo.com,,Soon let station home southern push president. Last prevent occur different visit.,2020-03-17,28070
48,Kathleen Lucas,blackwellcarrie@hotmail.com,"114 Ramirez Vista Apt. 652, West Daniellemouth, MA 83876",Face trial pass Congress every. Health nothing window us early administration nearly.,2020-06-19,49296
49,Beth Gutierrez,,"6583 Andrew Creek Suite 521, South Joelside, OK 89571",Stage method charge ground from.,2021-11-10,12142
50,Mary Oliver,lewisashley@moore.org,"36834 Cassandra Port, Millerview, MS 25305",Tend indeed model final whole safe whom.,2020-05-12,10435